"id","titulo","ano","issn","titulo_serie","editora","autor","url"
"9781933762388","Advanced Natural Gas Engineering",2010,,,"Gulf Publishing Company",,"http://www.sciencedirect.com/science/book/9781933762388"
"9780080451596","Coding and Decoding: Seismic Data",2010,"0950-1401","Handbook of Geophysical Exploration: Seismic Exploration","Pergamon",,"http://www.sciencedirect.com/science/book/9780080451596"
"9780444529534","Pressure Transient Formation and Well Testing: Convolution, Deconvolution and Nonlinear Estimation",2010,"0376-7361","Developments in Petroleum Science","Elsevier",,"http://www.sciencedirect.com/science/book/9780444529534"
"9780123737236","The Dusky Dolphin",2010,,,"Academic Press",,"http://www.sciencedirect.com/science/book/9780123737236"
"9780123738912","Beer in Health and Disease Prevention",2008,,,"Academic Press",,"http://www.sciencedirect.com/science/book/9780123738912"
"9780123741066","Genetically Modified Plants",2009,,,"Academic Press",,"http://www.sciencedirect.com/science/book/9780123741066"
"9780123742339","Plant Cell Biology",2010,,,"Academic Press",,"http://www.sciencedirect.com/science/book/9780123742339"
"9780123748454","Ensuring Global Food Safety",2010,,,"Academic Press",,"http://www.sciencedirect.com/science/book/9780123748454"
"9780123693761","Laboratory Animal Anaesthesia (Third Edition)",2009,,,"Academic Press",,"http://www.sciencedirect.com/science/book/9780123693761"
"9780123694287","Molecular Diagnostics",2010,,,"Academic Press",,"http://www.sciencedirect.com/science/book/9780123694287"
"9780123694416","Signal Transduction (Second Edition)",2009,,,"Academic Press",,"http://www.sciencedirect.com/science/book/9780123694416"
"9780123704542","Natural Killer Cells",2010,,,"Academic Press",,"http://www.sciencedirect.com/science/book/9780123704542"
"9780123745378","Molecular Diagnostics (Second Edition)",2010,,,"Academic Press",,"http://www.sciencedirect.com/science/book/9780123745378"
"9780123747273","RNA Methodologies (Fourth Edition)",2010,,,"Academic Press",,"http://www.sciencedirect.com/science/book/9780123747273"
"9780123749345","Essentials of Genomic and Personalized Medicine",2010,,,"Academic Press",,"http://www.sciencedirect.com/science/book/9780123749345"
"9780123740922","Optical Networks (Third Edition)",2010,,,"Morgan Kaufmann",,"http://www.sciencedirect.com/science/book/9780123740922"
"9780123742674","Handbook of Digital Forensics and Investigation",2010,,,"Academic Press",,"http://www.sciencedirect.com/science/book/9780123742674"
"9780123743640","Electronic Design Automation",2009,,,"Morgan Kaufmann",,"http://www.sciencedirect.com/science/book/9780123743640"
"9780123751140","User Experience Re-Mastered",2009,,,"Morgan Kaufmann",,"http://www.sciencedirect.com/science/book/9780123751140"
"9780123813695","On the Development of China's Information Technology Industry",2010,,,"Academic Press",,"http://www.sciencedirect.com/science/book/9780123813695"
"9781597493062","Cisco CCNA/CCENT Exam 640-802, 640-822, 640-816 Preparation Kit",2009,,,"Syngress",,"http://www.sciencedirect.com/science/book/9781597493062"
"9780123750280","Renewable Energy Systems",2010,,,"Academic Press",,"http://www.sciencedirect.com/science/book/9780123750280"
"9780123786197","Research on Energy Issues in China",2009,,,"Academic Press",,"http://www.sciencedirect.com/science/book/9780123786197"
"9780080964454","Configuration Management Metrics",2010,,,"William Andrew Publishing",,"http://www.sciencedirect.com/science/book/9780080964454"
"9780080964546","Fundamental Principles of Engineering Nanometrology",2010,,"Micro and Nano Technologies","William Andrew Publishing",,"http://www.sciencedirect.com/science/book/9780080964546"
"9780123747150","Cognitive Radio Communications and Networks",2010,,,"Academic Press",,"http://www.sciencedirect.com/science/book/9780123747150"
"9780123748256","Multimodal Signal Processing",2010,,,"Academic Press",,"http://www.sciencedirect.com/science/book/9780123748256"
"9780123748263","SAE and the Evolved Packet Core",2009,,,"Academic Press",,"http://www.sciencedirect.com/science/book/9780123748263"
"9781856176538","Smart Building Systems for Architects, Owners and Builders",2010,,,"Butterworth-Heinemann",,"http://www.sciencedirect.com/science/book/9781856176538"
"9780123740267","The Mekong",2009,,"Aquatic Ecology","Academic Press",,"http://www.sciencedirect.com/science/book/9780123740267"
"9780123748546","Bayesian Inference",2010,,,"Academic Press",,"http://www.sciencedirect.com/science/book/9780123748546"
"9780123745071","Auction Theory (Second Edition)",2010,,,"Academic Press",,"http://www.sciencedirect.com/science/book/9780123745071"
"9780123745217","Pricing, Risk, and Performance Measurement in Practice",2010,,"The Elsevier and Mondo Visione World Capital Markets","Academic Press",,"http://www.sciencedirect.com/science/book/9780123745217"
"9780123748782","Mergers, Acquisitions, and Other Restructuring Activities (Fifth Edition)",2010,,,"Academic Press",,"http://www.sciencedirect.com/science/book/9780123748782"
"9780123749529","Optimizing Optimization",2010,,"5601/Quantitative Finance","Elsevier",,"http://www.sciencedirect.com/science/book/9780123749529"
"9780123749567","Next Generation Datacenters in Financial Services",2009,,"661R/Complete Technology Guides for Financial Services","Elsevier",,"http://www.sciencedirect.com/science/book/9780123749567"
"9780123749925","The Sortino Framework for Constructing Portfolios",2009,,,"Elsevier",,"http://www.sciencedirect.com/science/book/9780123749925"
"9780123750266","Private Equity and Venture Capital in Europe",2010,,,"Academic Press",,"http://www.sciencedirect.com/science/book/9780123750266"
"9780080964508","Fatigue and Tribological Properties of Plastics and Elastomers",2010,,,"William Andrew Publishing",,"http://www.sciencedirect.com/science/book/9780080964508"
"9780815515944","Handbook of Silicon Based MEMS Materials and Technologies",2010,,"Micro and Nano Technologies","William Andrew Publishing",,"http://www.sciencedirect.com/science/book/9780815515944"
"9780123741646","Mathematica Navigator (Third Edition)",2009,,,"Academic Press",,"http://www.sciencedirect.com/science/book/9780123741646"
"9780123747327","Partial Differential Equations & Boundary Value Problems with Maple (Second Edition)",2009,,,"Academic Press",,"http://www.sciencedirect.com/science/book/9780123747327"
"9780123748904","Cryptographic Boolean Functions and Applications",2009,,,"Academic Press",,"http://www.sciencedirect.com/science/book/9780123748904"
"9780444516671","Philosophy of Technology and Engineering Sciences",2009,,"Handbook of the Philosophy of Science","North-Holland",,"http://www.sciencedirect.com/science/book/9780444516671"
"9780123748959","Bone Cancer",2010,,,"Academic Press",,"http://www.sciencedirect.com/science/book/9780123748959"
"9780123748492","Guide to Research Techniques in Neuroscience",2010,,,"Academic Press",,"http://www.sciencedirect.com/science/book/9780123748492"
"9780750685337","Spacecraft Formation Flying",2010,,,"Butterworth-Heinemann",,"http://www.sciencedirect.com/science/book/9780750685337"
"9780123748973","The Social Validity Manual",2010,,,"Academic Press",,"http://www.sciencedirect.com/science/book/9780123748973"
"9780123749376","Evidence-Based Counseling and Psychotherapy for an Aging Population",2009,,,"Academic Press",,"http://www.sciencedirect.com/science/book/9780123749376"
"9780323007672","Principles and Practice of Implant Dentistry",2001,,,"Mosby",,"http://www.sciencedirect.com/science/book/9780323007672"
"9780443071515","Special Care in Dentistry",2007,,,"Churchill Livingstone",,"http://www.sciencedirect.com/science/book/9780443071515"
"9780443102462","Restorative Dentistry (Second Edition)",2007,,,"Churchill Livingstone",,"http://www.sciencedirect.com/science/book/9780443102462"
"9781416056546","Meningiomas",2010,,,"W.B. Saunders",,"http://www.sciencedirect.com/science/book/9781416056546"
"9781416058953","Heart Failure: A Companion to Braunwald's Heart Disease (Second Edition)",2011,,,"W.B. Saunders",,"http://www.sciencedirect.com/science/book/9781416058953"
"9781416056232","Skeletal Imaging (Second Edition)",2011,,,"W.B. Saunders",,"http://www.sciencedirect.com/science/book/9781416056232"
"9780123849861","Plant Biochemistry (Fourth Edition)",2011,,,"Academic Press",,"http://www.sciencedirect.com/science/book/9780123849861"
"9780123820228","Joe Celko's SQL for Smarties (Fourth Edition)",2011,,"The Morgan Kaufmann Series in Data Management Systems","Morgan Kaufmann",,"http://www.sciencedirect.com/science/book/9780123820228"
"9780123849175","Cyber Attacks",2011,,,"Butterworth-Heinemann",,"http://www.sciencedirect.com/science/book/9780123849175"
"9780444528544","Lakes on Mars",2010,,,"Elsevier",,"http://www.sciencedirect.com/science/book/9780444528544"
"9780123820921","Wire Technology",2011,,,"Butterworth-Heinemann",,"http://www.sciencedirect.com/science/book/9780123820921"
"9781437778304","Developments in Surface Contamination and Cleaning: Particle Deposition, Control and Removal",2010,,,"William Andrew Publishing",,"http://www.sciencedirect.com/science/book/9781437778304"
"9781856177078","Design Patterns for Embedded Systems in C",2011,,,"Newnes",,"http://www.sciencedirect.com/science/book/9781856177078"
"9780123785855","Credit Engineering for Bankers (Second Edition)",2011,,,"Academic Press",,"http://www.sciencedirect.com/science/book/9780123785855"
"9781597496117","Practical Lock Picking",2011,,,"Syngress",,"http://www.sciencedirect.com/science/book/9781597496117"
"9780080968131","Superlattice to Nanoelectronics (Second Edition)",2011,,,"Elsevier",,"http://www.sciencedirect.com/science/book/9780080968131"
"9780123822352","Neurofeedback and Neuromodulation Techniques and Applications",2011,,,"Academic Press",,"http://www.sciencedirect.com/science/book/9780123822352"
"9780444535696","20th European Symposium on Computer Aided Process Engineering",2010,"1570-7946","Computer Aided Chemical Engineering","Elsevier",,"http://www.sciencedirect.com/science/book/9780444535696"
"9780080421476","Nucleation in Condensed Matter",2010,"1470-1804","Pergamon Materials Series","Pergamon",,"http://www.sciencedirect.com/science/book/9780080421476"
"9780444534439","{Dislocations in Solids, Volume 16}",2010,"1572-4859","Dislocations in Solids","Elsevier",,"http://www.sciencedirect.com/science/book/9780444534439"
"9780323063975","GI/Liver Secrets (Fourth Edition)",2010,,,"Mosby",,"http://www.sciencedirect.com/science/book/9780323063975"
"9780323065245","Anesthesia Secrets (Fourth Edition)",2011,,,"Mosby",,"http://www.sciencedirect.com/science/book/9780323065245"
"9780443066542","Dermatopathology",2010,,,"W.B. Saunders",,"http://www.sciencedirect.com/science/book/9780443066542"
"9780443069826","Practical Surgical Neuropathology",2010,,,"Churchill Livingstone",,"http://www.sciencedirect.com/science/book/9780443069826"
"9780702029837","Ocular Disease",2010,,,"W.B. Saunders",,"http://www.sciencedirect.com/science/book/9780702029837"
"9781416034292","Diagnostic Pathology of Infectious Disease",2010,,,"W.B. Saunders",,"http://www.sciencedirect.com/science/book/9781416034292"
"9781416037736","Cardiac Intensive Care (Second Edition)",2010,,,"W.B. Saunders",,"http://www.sciencedirect.com/science/book/9781416037736"
"9781416045724","Complications of Urologic Surgery (Fourth Edition)",2010,,,"W.B. Saunders",,"http://www.sciencedirect.com/science/book/9781416045724"
"9781416056461","Principles and Practice of Wrist Surgery",2010,,,"W.B. Saunders",,"http://www.sciencedirect.com/science/book/9781416056461"
"9781416057666","Diagnostic Immunohistochemistry (Third Edition)",2010,,,"W.B. Saunders",,"http://www.sciencedirect.com/science/book/9781416057666"
"9781416061274","Ashcraft's Pediatric Surgery (Fifth Edition)",2010,,,"W.B. Saunders",,"http://www.sciencedirect.com/science/book/9781416061274"
"9781416066408","Pocket Companion to Brenner and Rector's The Kidney (Eighth Edition)",2011,,,"W.B. Saunders",,"http://www.sciencedirect.com/science/book/9781416066408"
"9780443069031","Tui Na",2010,,,"Churchill Livingstone",,"http://www.sciencedirect.com/science/book/9780443069031"
"9780443069345","Rheumatology",2010,,,"Churchill Livingstone",,"http://www.sciencedirect.com/science/book/9780443069345"
"9780443069697","Neuromuscular Rehabilitation in Manual and Physical Therapy",2010,,,"Churchill Livingstone",,"http://www.sciencedirect.com/science/book/9780443069697"
"9780702030253","Special Tests in Musculoskeletal Examination",2010,,,"Churchill Livingstone",,"http://www.sciencedirect.com/science/book/9780702030253"
"9780702030314","The Pocket Podiatry Guide: Paediatrics",2010,,,"Churchill Livingstone",,"http://www.sciencedirect.com/science/book/9780702030314"
"9780702030550","Pregnancy and Childbirth",2010,,,"Churchill Livingstone",,"http://www.sciencedirect.com/science/book/9780702030550"
"9780702030796","Back Pain - A Movement Problem",2010,,,"Churchill Livingstone",,"http://www.sciencedirect.com/science/book/9780702030796"
"9780702031328","Chinese Herbal Formulas",2010,,,"Churchill Livingstone",,"http://www.sciencedirect.com/science/book/9780702031328"
"9780702031335","Chinese Herbal Medicines (Second Edition)",2010,,,"Churchill Livingstone",,"http://www.sciencedirect.com/science/book/9780702031335"
"9780702031731","Using Whole Body Vibration in Physical Therapy and Sport",2010,,,"Churchill Livingstone",,"http://www.sciencedirect.com/science/book/9780702031731"
"9781437709278","Acupuncture for Sports and Trauma Rehabilitation",2011,,,"Churchill Livingstone",,"http://www.sciencedirect.com/science/book/9781437709278"
"9780702027925","Diagnostic Techniques in Equine Medicine (Second Edition)",2010,,,"W.B. Saunders",,"http://www.sciencedirect.com/science/book/9780702027925"
"9780702027970","Veterinary Ocular Pathology",2010,,,"W.B. Saunders",,"http://www.sciencedirect.com/science/book/9780702027970"
"9780702028946","Handbook of Small Animal Radiology and Ultrasound (Second Edition)",2010,,,"W.B. Saunders",,"http://www.sciencedirect.com/science/book/9780702028946"
"9781416031833","Cancer Management in Small Animal Practice",2010,,,"W.B. Saunders",,"http://www.sciencedirect.com/science/book/9781416031833"
"9780123813329","Heart Development and Regeneration",2010,,,"Academic Press",,"http://www.sciencedirect.com/science/book/9780123813329"
"9780123750938","Light & Skin Interactions",2010,,,"Morgan Kaufmann",,"http://www.sciencedirect.com/science/book/9780123750938"
"9780123756978","SQL Clearly Explained (Third Edition)",2010,,"The Morgan Kaufmann Series in Data Management Systems","Morgan Kaufmann",,"http://www.sciencedirect.com/science/book/9780123756978"
"9780123786241","Thoughts on Interaction Design",2010,,,"Morgan Kaufmann",,"http://www.sciencedirect.com/science/book/9780123786241"
"9780123814180","The Essential Persona Lifecycle: Your Guide to Building and Using Personas",2010,,,"Morgan Kaufmann",,"http://www.sciencedirect.com/science/book/9780123814180"
"9781597494311","Microsoft Virtualization",2009,,,"Syngress",,"http://www.sciencedirect.com/science/book/9781597494311"
"9781597495417","Seven Deadliest Wireless Technologies Attacks",2010,,,"Syngress",,"http://www.sciencedirect.com/science/book/9781597495417"
"9781597495455","Seven Deadliest Social Network Attacks",2010,,,"Syngress",,"http://www.sciencedirect.com/science/book/9781597495455"
"9781597495479","Seven Deadliest Unified Communications Attacks",2010,,,"Syngress",,"http://www.sciencedirect.com/science/book/9781597495479"
"9781597495493","Seven Deadliest Network Attacks",2010,,,"Syngress",,"http://www.sciencedirect.com/science/book/9781597495493"
"9781597495530","Seven Deadliest USB Attacks",2010,,,"Syngress",,"http://www.sciencedirect.com/science/book/9781597495530"
"9781856177009","Electronics Explained",2010,,,"Newnes",,"http://www.sciencedirect.com/science/book/9781856177009"
"9781856178037","Reservoir Engineering Handbook (Fourth Edition)",2010,,,"Gulf Professional Publishing",,"http://www.sciencedirect.com/science/book/9781856178037"
"9781856179218","Digital Signal Processing 101",2010,,,"Newnes",,"http://www.sciencedirect.com/science/book/9781856179218"
"9780080965130","CdTe and Related Compounds; Physics, Defects, Hetero- and Nano-structures, Crystal Growth, Surfaces and Applications, Part II",2010,,"European Materials Research Society Series","Elsevier",,"http://www.sciencedirect.com/science/book/9780080965130"
"9780815520375","Handbook of Physical Vapor Deposition (PVD) Processing (Second Edition)",2010,,,"William Andrew Publishing",,"http://www.sciencedirect.com/science/book/9780815520375"
"9780955251245","Lipid Analysis (Fourth Edition)",2010,,"Oily Press Lipid Library Series","Woodhead Publishing",,"http://www.sciencedirect.com/science/book/9780955251245"
"9781845694388","Improving the Safety and Quality of Milk: Milk Production and Processing",2010,,"Woodhead Publishing Series in Food Science, Technology and Nutrition","Woodhead Publishing",,"http://www.sciencedirect.com/science/book/9781845694388"
"9781845694715","Delivering Performance in Food Supply Chains",2010,,"Woodhead Publishing Series in Food Science, Technology and Nutrition","Woodhead Publishing",,"http://www.sciencedirect.com/science/book/9781845694715"
"9781845694753","Winemaking Problems Solved",2010,,"Woodhead Publishing Series in Food Science, Technology and Nutrition","Woodhead Publishing",,"http://www.sciencedirect.com/science/book/9781845694753"
"9781845694760","Sensory Analysis for Food and Beverage Quality Control",2010,,"Woodhead Publishing Series in Food Science, Technology and Nutrition","Woodhead Publishing",,"http://www.sciencedirect.com/science/book/9781845694760"
"9781845694845","Managing Wine Quality: Viticulture and Wine Quality",2010,,"Woodhead Publishing Series in Food Science, Technology and Nutrition","Woodhead Publishing",,"http://www.sciencedirect.com/science/book/9781845694845"
"9781845694951","Chemical Deterioration and Physical Instability of Food and Beverages",2010,,"Woodhead Publishing Series in Food Science, Technology and Nutrition","Woodhead Publishing",,"http://www.sciencedirect.com/science/book/9781845694951"
"9781845695514","Case Studies in Novel Food Processing Technologies",2010,,"Woodhead Publishing Series in Food Science, Technology and Nutrition","Woodhead Publishing",,"http://www.sciencedirect.com/science/book/9781845695514"
"9781845695521","Environmental Assessment and Management in the Food Industry",2010,,"Woodhead Publishing Series in Food Science, Technology and Nutrition","Woodhead Publishing",,"http://www.sciencedirect.com/science/book/9781845695521"
"9781845695637","Cereal Grains",2010,,"Woodhead Publishing Series in Food Science, Technology and Nutrition","Woodhead Publishing",,"http://www.sciencedirect.com/science/book/9781845695637"
"9781845695675","Consumer-Driven Innovation in Food and Personal Care Products",2010,,"Woodhead Publishing Series in Food Science, Technology and Nutrition","Woodhead Publishing",,"http://www.sciencedirect.com/science/book/9781845695675"
"9781845696450","Separation, Extraction and Concentration Processes in the Food, Beverage and Nutraceutical Industries",2010,,"Woodhead Publishing Series in Food Science, Technology and Nutrition","Woodhead Publishing",,"http://www.sciencedirect.com/science/book/9781845696450"
"9781845696481","Oxidation in Foods and Beverages and Antioxidant Applications: Understanding Mechanisms of Oxidation and Antioxidant Activity",2010,,"Woodhead Publishing Series in Food Science, Technology and Nutrition","Woodhead Publishing",,"http://www.sciencedirect.com/science/book/9781845696481"
"9781845696764","Innovations in Food Labelling",2010,,"Woodhead Publishing Series in Food Science, Technology and Nutrition","Woodhead Publishing",,"http://www.sciencedirect.com/science/book/9781845696764"
"9781845697464","Freeze-Drying of Pharmaceutical and Food Products",2010,,"Woodhead Publishing Series in Food Science, Technology and Nutrition","Woodhead Publishing",,"http://www.sciencedirect.com/science/book/9781845697464"
"9781845697983","Managing Wine Quality: Oenology and Wine Quality",2010,,"Woodhead Publishing Series in Food Science, Technology and Nutrition","Woodhead Publishing",,"http://www.sciencedirect.com/science/book/9781845697983"
"9781845698065","Improving the Safety and Quality of Milk: Improving Quality in Milk Products",2010,,"Woodhead Publishing Series in Food Science, Technology and Nutrition","Woodhead Publishing",,"http://www.sciencedirect.com/science/book/9781845698065"
"9781845699833","Oxidation in Foods and Beverages and Antioxidant Applications: Management in Different Industry Sectors",2010,,"Woodhead Publishing Series in Food Science, Technology and Nutrition","Woodhead Publishing",,"http://www.sciencedirect.com/science/book/9781845699833"
"9781845695101","Bioalcohol Production",2010,,"Woodhead Publishing Series in Energy","Woodhead Publishing",,"http://www.sciencedirect.com/science/book/9781845695101"
"9781845695118","Understanding and Mitigating Ageing in Nuclear Power Plants",2010,,"Woodhead Publishing Series in Energy","Woodhead Publishing",,"http://www.sciencedirect.com/science/book/9781845695118"
"9781845695156","Advanced Power Plant Materials, Design and Technology",2010,,"Woodhead Publishing Series in Energy","Woodhead Publishing",,"http://www.sciencedirect.com/science/book/9781845695156"
"9781845695279","Stand-Alone and Hybrid Wind Energy Systems",2010,,"Woodhead Publishing Series in Energy","Woodhead Publishing",,"http://www.sciencedirect.com/science/book/9781845695279"
"9781845695330","Developments and Innovation in Carbon Dioxide (CO2) Capture and Storage Technology",2010,,"Woodhead Publishing Series in Energy","Woodhead Publishing",,"http://www.sciencedirect.com/science/book/9781845695330"
"9781845695422","Geological Repository Systems for Safe Disposal of Spent Nuclear Fuels and Radioactive Waste",2010,,"Woodhead Publishing Series in Energy","Woodhead Publishing",,"http://www.sciencedirect.com/science/book/9781845695422"
"9781845695910","Biodiesel Science and Technology",2010,,"Woodhead Publishing Series in Energy","Woodhead Publishing",,"http://www.sciencedirect.com/science/book/9781845695910"
"9781845697976","Developments and Innovation in Carbon Dioxide (CO2) Capture and Storage Technology",2010,,"Woodhead Publishing Series in Energy","Woodhead Publishing",,"http://www.sciencedirect.com/science/book/9781845697976"
"9781845691851","Forensic Polymer Engineering",2010,,"Woodhead Publishing Series in Textiles","Woodhead Publishing",,"http://www.sciencedirect.com/science/book/9781845691851"
"9781845693619","Tribology and Dynamics of Engine and Powertrain",2010,,"Woodhead Publishing Series in Biomaterials","Woodhead Publishing",,"http://www.sciencedirect.com/science/book/9781845693619"
"9781845693978","Textiles, Polymers and Composites for Buildings",2010,,"Woodhead Publishing Series in Textiles","Woodhead Publishing",,"http://www.sciencedirect.com/science/book/9781845693978"
"9781845693992","Blast Protection of Civil Infrastructures and Vehicles Using Composites",2010,,"Woodhead Publishing Series in Civil and Structural Engineering","Woodhead Publishing",,"http://www.sciencedirect.com/science/book/9781845693992"
"9781845694166","Modelling and Predicting Textile Behaviour",2010,,"Woodhead Publishing Series in Textiles","Woodhead Publishing",,"http://www.sciencedirect.com/science/book/9781845694166"
"9781845694357","Advances in Structural Adhesive Bonding",2010,,"Woodhead Publishing Series in Welding and Other Joining Technologies","Woodhead Publishing",,"http://www.sciencedirect.com/science/book/9781845694357"
"9781845694371","Applications of Nonwovens in Technical Textiles",2010,,"Woodhead Publishing Series in Textiles","Woodhead Publishing",,"http://www.sciencedirect.com/science/book/9781845694371"
"9781845694449","Advances in Yarn Spinning Technology",2010,,"Woodhead Publishing Series in Textiles","Woodhead Publishing",,"http://www.sciencedirect.com/science/book/9781845694449"
"9781845694500","Friction Stir Welding",2010,,"Woodhead Publishing Series in Welding and Other Joining Technologies","Woodhead Publishing",,"http://www.sciencedirect.com/science/book/9781845694500"
"9781845694708","Drug-Device Combination Products",2010,,"Woodhead Publishing Series in Biomaterials","Woodhead Publishing",,"http://www.sciencedirect.com/science/book/9781845694708"
"9781845694746","Advances in Laser Materials Processing",2010,,"Woodhead Publishing Series in Welding and Other Joining Technologies","Woodhead Publishing",,"http://www.sciencedirect.com/science/book/9781845694746"
"9781845694975","Vehicle Noise and Vibration Refinement",2010,,"Woodhead Publishing Series in Composites Science and Engineering","Woodhead Publishing",,"http://www.sciencedirect.com/science/book/9781845694975"
"9781845695026","Fire Toxicity",2010,,"Woodhead Publishing Series in Energy","Woodhead Publishing",,"http://www.sciencedirect.com/science/book/9781845695026"
"9781845695316","High-Energy Ball Milling",2010,,"Woodhead Publishing Series in Electronic and Optical Materials","Woodhead Publishing",,"http://www.sciencedirect.com/science/book/9781845695316"
"9781845695347","Advanced Piezoelectric Materials",2010,,"Woodhead Publishing Series in Electronic and Optical Materials","Woodhead Publishing",,"http://www.sciencedirect.com/science/book/9781845695347"
"9781845695361","Failure Mechanisms of Advanced Welding Processes",2010,,"Woodhead Publishing Series in Welding and Other Joining Technologies","Woodhead Publishing",,"http://www.sciencedirect.com/science/book/9781845695361"
"9781845695378","Surface Engineering of Light Alloys",2010,,"Woodhead Publishing Series in Metals and Surface Engineering","Woodhead Publishing",,"http://www.sciencedirect.com/science/book/9781845695378"
"9781845695606","Non-Destructive Evaluation of Reinforced Concrete Structures: Deterioration Processes and Standard Test Methods",2010,,"Woodhead Publishing Series in Civil and Structural Engineering","Woodhead Publishing",,"http://www.sciencedirect.com/science/book/9781845695606"
"9781845695620","Sintering of Advanced Materials",2010,,"Woodhead Publishing Series in Metals and Surface Engineering","Woodhead Publishing",,"http://www.sciencedirect.com/science/book/9781845695620"
"9781845695798","Optical Switches",2010,,"Woodhead Publishing Series in Electronic and Optical Materials","Woodhead Publishing",,"http://www.sciencedirect.com/science/book/9781845695798"
"9781845696924","Welding and Joining of Magnesium Alloys",2010,,"Woodhead Publishing Series in Welding and Other Joining Technologies","Woodhead Publishing",,"http://www.sciencedirect.com/science/book/9781845696924"
"9781845697129","The Risk Management of Safety and Dependability",2010,,"Woodhead Publishing Series in Food Science, Technology and Nutrition","Woodhead Publishing",,"http://www.sciencedirect.com/science/book/9781845697129"
"9781845697136","The Independent Airport Planning Manual",2010,,"Woodhead Publishing Series in Metals and Surface Engineering","Woodhead Publishing",,"http://www.sciencedirect.com/science/book/9781845697136"
"9781845697440","Advanced Direct Injection Combustion Engine Technologies and Development: Diesel Engines",2010,,"Woodhead Publishing Series in Biomedicine","Woodhead Publishing",,"http://www.sciencedirect.com/science/book/9781845697440"
"9781845697556","A Quick Guide to API 510 Certified Pressure Vessel Inspector Syllabus",2010,,"Woodhead Publishing Series in Composites Science and Engineering","Woodhead Publishing",,"http://www.sciencedirect.com/science/book/9781845697556"
"9781845699505","Non-Destructive Evaluation of Reinforced Concrete Structures: Non-Destructive Testing Methods",2010,,"Woodhead Publishing Series in Civil and Structural Engineering","Woodhead Publishing",,"http://www.sciencedirect.com/science/book/9781845699505"
"9780857090799","High Temperature Deformation and Fracture of Materials",2010,,"Woodhead Publishing Series in Energy","Woodhead Publishing",,"http://www.sciencedirect.com/science/book/9780857090799"
"9781845692247","Medical and Healthcare Textiles",2010,,"Woodhead Publishing Series in Textiles","Woodhead Publishing",,"http://www.sciencedirect.com/science/book/9781845692247"
"9781845693794","Smart Textile Coatings and Laminates",2010,,"Woodhead Publishing Series in Textiles","Woodhead Publishing",,"http://www.sciencedirect.com/science/book/9781845693794"
"9781845694173","Regenerative Medicine and Biomaterials for the Repair of Connective Tissues",2010,,"Woodhead Publishing Series in Biomaterials","Woodhead Publishing",,"http://www.sciencedirect.com/science/book/9781845694173"
"9781845694340","Metals for Biomedical Devices",2010,,"Woodhead Publishing Series in Biomaterials","Woodhead Publishing",,"http://www.sciencedirect.com/science/book/9781845694340"
"9781845694364","Biomedical Composites",2010,,"Woodhead Publishing Series in Biomaterials","Woodhead Publishing",,"http://www.sciencedirect.com/science/book/9781845694364"
"9781845694432","Biomaterials and Regenerative Medicine in Ophthalmology",2010,,"Woodhead Publishing Series in Biomaterials","Woodhead Publishing",,"http://www.sciencedirect.com/science/book/9781845694432"
"9781845694623","Management, Recycling and Reuse of Waste Composites",2010,,"Woodhead Publishing Series in Composites Science and Engineering","Woodhead Publishing",,"http://www.sciencedirect.com/science/book/9781845694623"
"9781845694630","Materials, Design and Manufacturing for Lightweight Vehicles",2010,,"Woodhead Publishing Series in Composites Science and Engineering","Woodhead Publishing",,"http://www.sciencedirect.com/science/book/9781845694630"
"9781845694647","Biomaterials and Devices for the Circulatory System",2010,,"Woodhead Publishing Series in Biomaterials","Woodhead Publishing",,"http://www.sciencedirect.com/science/book/9781845694647"
"9781845695095","Biointegration of Medical Implant Materials",2010,,"Woodhead Publishing Series in Biomaterials","Woodhead Publishing",,"http://www.sciencedirect.com/science/book/9781845695095"
"9781845695149","Woven Textile Structure",2010,,"Woodhead Publishing Series in Textiles","Woodhead Publishing",,"http://www.sciencedirect.com/science/book/9781845695149"
"9781845695255","Fatigue Life Prediction of Composites and Composite Structures",2010,,"Woodhead Publishing Series in Composites Science and Engineering","Woodhead Publishing",,"http://www.sciencedirect.com/science/book/9781845695255"
"9781845695262","Materials for Energy Efficiency and Thermal Comfort in Buildings",2010,,"Woodhead Publishing Series in Energy","Woodhead Publishing",,"http://www.sciencedirect.com/science/book/9781845695262"
"9781845695491","Technical Textile Yarns",2010,,"Woodhead Publishing Series in Textiles","Woodhead Publishing",,"http://www.sciencedirect.com/science/book/9781845695491"
"9781845695590","Colour Measurement",2010,,"Woodhead Publishing Series in Textiles","Woodhead Publishing",,"http://www.sciencedirect.com/science/book/9781845695590"
"9781845696252","Advances in Textile Biotechnology",2010,,"Woodhead Publishing Series in Textiles","Woodhead Publishing",,"http://www.sciencedirect.com/science/book/9781845696252"
"9781845696726","Physical Properties and Applications of Polymer Nanocomposites",2010,,"Woodhead Publishing Series in Composites Science and Engineering","Woodhead Publishing",,"http://www.sciencedirect.com/science/book/9781845696726"
"9781845697723","Polymer Electrolytes",2010,,"Woodhead Publishing Series in Electronic and Optical Materials","Woodhead Publishing",,"http://www.sciencedirect.com/science/book/9781845697723"
"9781845697754","Brittle Matrix Composites 9",2010,,"Woodhead Publishing Series in Textiles","Woodhead Publishing",,"http://www.sciencedirect.com/science/book/9781845697754"
"9781843341475","Freedom of Information and the Developing World",2010,,"Chandos Information Professional Series","Chandos Publishing",,"http://www.sciencedirect.com/science/book/9781843341475"
"9781843342298","India's Innovation Blueprint",2010,,"Chandos Asian Studies Series","Chandos Publishing",,"http://www.sciencedirect.com/science/book/9781843342298"
"9781843342649","The Multi-Dimensions of Industrial Relations in the Asian Knowledge-Based Economies",2010,,"Chandos Asian Studies Series","Chandos Publishing",,"http://www.sciencedirect.com/science/book/9781843342649"
"9781843343462","Web 2.0 and Libraries",2010,,"Chandos Information Professional Series","Chandos Publishing",,"http://www.sciencedirect.com/science/book/9781843343462"
"9781843343660","Global Research Without Leaving your Desk",2010,,"Chandos Information Professional Series","Chandos Publishing",,"http://www.sciencedirect.com/science/book/9781843343660"
"9781843343882","From Lending to Learning",2010,,"Chandos Information Professional Series","Chandos Publishing",,"http://www.sciencedirect.com/science/book/9781843343882"
"9781843343981","Female Entrepreneurship in East and South-East Asia",2010,,"Chandos Asian Studies Series","Chandos Publishing",,"http://www.sciencedirect.com/science/book/9781843343981"
"9781843344230","The Art of People Management in Libraries",2010,,"Chandos Information Professional Series","Chandos Publishing",,"http://www.sciencedirect.com/science/book/9781843344230"
"9781843344902","Scientific Publishing",2010,,"Chandos Information Professional Series","Chandos Publishing",,"http://www.sciencedirect.com/science/book/9781843344902"
"9781843345015","Networked Collaborative Learning",2010,,"Chandos Information Professional Series","Chandos Publishing",,"http://www.sciencedirect.com/science/book/9781843345015"
"9781843345039","Web Project Management for Academic Libraries",2010,,"Chandos Information Professional Series","Chandos Publishing",,"http://www.sciencedirect.com/science/book/9781843345039"
"9781843345053","Gatekeepers of Knowledge",2010,,"Chandos Information Professional Series","Chandos Publishing",,"http://www.sciencedirect.com/science/book/9781843345053"
"9781843345077","Information Literacy Landscapes",2010,,"Chandos Information Professional Series","Chandos Publishing",,"http://www.sciencedirect.com/science/book/9781843345077"
"9781843345091","New Approaches to E-Reserve",2010,,"Chandos Information Professional Series","Chandos Publishing",,"http://www.sciencedirect.com/science/book/9781843345091"
"9781843345138","From Fear to Flow",2010,,"Chandos Information Professional Series","Chandos Publishing",,"http://www.sciencedirect.com/science/book/9781843345138"
"9781843345152","Information Literacy in the Digital Age",2010,,"Chandos Information Professional Series","Chandos Publishing",,"http://www.sciencedirect.com/science/book/9781843345152"
"9781843345176","Abstracts and Abstracting",2010,,"Chandos Information Professional Series","Chandos Publishing",,"http://www.sciencedirect.com/science/book/9781843345176"
"9781843345282","Measuring Academic Research",2010,,"Woodhead Publishing Series in Textiles","Chandos Publishing",,"http://www.sciencedirect.com/science/book/9781843345282"
"9781843345329","A Practical Writing Guide for Academic Librarians",2010,,"Chandos Information Professional Series","Chandos Publishing",,"http://www.sciencedirect.com/science/book/9781843345329"
"9781843345374","Web 2.0 Knowledge Technologies and the Enterprise",2010,,"Chandos Information Professional Series","Chandos Publishing",,"http://www.sciencedirect.com/science/book/9781843345374"
"9781843345411","Libraries and Identity",2010,,"Chandos Information Professional Series","Chandos Publishing",,"http://www.sciencedirect.com/science/book/9781843345411"
"9781843345435","The Critical Assessment of Research",2010,,"Chandos Information Professional Series","Chandos Publishing",,"http://www.sciencedirect.com/science/book/9781843345435"
"9781843345534","Cataloguing Outside the Box",2010,,"Chandos Information Professional Series","Chandos Publishing",,"http://www.sciencedirect.com/science/book/9781843345534"
"9781843345572","The Google Generation",2010,,"Chandos Information Professional Series","Chandos Publishing",,"http://www.sciencedirect.com/science/book/9781843345572"
"9781843345657","Google and the Digital Divide",2010,,"Chandos Information Professional Series","Chandos Publishing",,"http://www.sciencedirect.com/science/book/9781843345657"
"9781843345671","Productivity for Librarians",2010,,"Chandos Information Professional Series","Chandos Publishing",,"http://www.sciencedirect.com/science/book/9781843345671"
"9781843345701","Customer Care",2010,,"Chandos Information Professional Series","Chandos Publishing",,"http://www.sciencedirect.com/science/book/9781843345701"
"9781843345725","The Evaluation of Research by Scientometric Indicators",2010,,"Chandos Learning and Teaching Series","Chandos Publishing",,"http://www.sciencedirect.com/science/book/9781843345725"
"9781843345763","Leadership and Management of Quality in Higher Education",2010,,"Chandos Learning and Teaching Series","Chandos Publishing",,"http://www.sciencedirect.com/science/book/9781843345763"
"9781843345770","Online Learning and Assessment in Higher Education",2010,,"Chandos Information Professional Series","Chandos Publishing",,"http://www.sciencedirect.com/science/book/9781843345770"
"9781843345787","Practical and Effective Management of Libraries",2010,,"Chandos Information Professional Series","Chandos Publishing",,"http://www.sciencedirect.com/science/book/9781843345787"
"9781843345831","Why Blog?",2010,,"Chandos Information Professional Series","Chandos Publishing",,"http://www.sciencedirect.com/science/book/9781843345831"
"9781843345855","Practical Open Source Software for Libraries",2010,,"Chandos Information Professional Series","Chandos Publishing",,"http://www.sciencedirect.com/science/book/9781843345855"
"9781843345879","The Lessons Learned Handbook",2010,,"Woodhead Publishing Series in Metals and Surface Engineering","Chandos Publishing",,"http://www.sciencedirect.com/science/book/9781843345879"
"9781843345909","Pursuing Information Literacy",2010,,"Chandos Information Professional Series","Chandos Publishing",,"http://www.sciencedirect.com/science/book/9781843345909"
"9781843345916","Facelifts for Special Libraries",2010,,"Chandos Information Professional Series","Chandos Publishing",,"http://www.sciencedirect.com/science/book/9781843345916"
"9781843345923","Active Learning Techniques for Librarians",2010,,"Chandos Information Professional Series","Chandos Publishing",,"http://www.sciencedirect.com/science/book/9781843345923"
"9781843345930","Open Access and its Practical Impact on the Work of Academic Librarians",2010,,"Chandos Information Professional Series","Chandos Publishing",,"http://www.sciencedirect.com/science/book/9781843345930"
"9781843345947","Transforming Research Libraries for the Global Knowledge Society",2010,,"Chandos Information Professional Series","Chandos Publishing",,"http://www.sciencedirect.com/science/book/9781843345947"
"9781843345961","Building a Digital Repository Program with Limited Resources",2010,,"Chandos Information Professional Series","Chandos Publishing",,"http://www.sciencedirect.com/science/book/9781843345961"
"9781843345978","A Practical Guide to Electronic Resources in the Humanities",2010,,"Chandos Information Professional Series","Chandos Publishing",,"http://www.sciencedirect.com/science/book/9781843345978"
"9781843345985","An Overview of the Changing Role of the Systems Librarian",2010,,"Chandos Information Professional Series","Chandos Publishing",,"http://www.sciencedirect.com/science/book/9781843345985"
"9781843346005","Imagine Your Library's Future",2010,,"Chandos Information Professional Series","Chandos Publishing",,"http://www.sciencedirect.com/science/book/9781843346005"
"9781843346029","News Search, Blogs and Feeds",2010,,"Chandos Information Professional Series","Chandos Publishing",,"http://www.sciencedirect.com/science/book/9781843346029"
"9781843346036","Online and Blended Business Education for the 21st Century",2010,,"Chandos Learning and Teaching Series","Chandos Publishing",,"http://www.sciencedirect.com/science/book/9781843346036"
"9781843346067","Making a Collection Count",2010,,"Chandos Information Professional Series","Chandos Publishing",,"http://www.sciencedirect.com/science/book/9781843346067"
"9781843346128","Ontologies, Taxonomies and Thesauri in Systems Science and Systematics",2010,,"Chandos Information Professional Series","Chandos Publishing",,"http://www.sciencedirect.com/science/book/9781843346128"
"9781843346265","Scholarly Communication in Library and Information Services",2010,,"Chandos Information Professional Series","Chandos Publishing",,"http://www.sciencedirect.com/science/book/9781843346265"
"9781876938796","Practising Information Literacy",2010,,,"Chandos Publishing",,"http://www.sciencedirect.com/science/book/9781876938796"
"9781876938857","Visionary Leaders for Information",2010,,,"Chandos Publishing",,"http://www.sciencedirect.com/science/book/9781876938857"
"9780121339814","Numerical Time-Dependent Partial Differential Equations for Scientists and Engineers",2010,"0076-5392","Mathematics in Science and Engineering","Elsevier",,"http://www.sciencedirect.com/science/book/9780121339814"
"9780323014830","A Consumer's Guide to Dentistry (Second Edition)",2002,,,"Mosby",,"http://www.sciencedirect.com/science/book/9780323014830"
"9780323017237","Contemporary Oral and Maxillofacial Pathology (Second Edition)",2004,,,"Mosby",,"http://www.sciencedirect.com/science/book/9780323017237"
"9780323036955","Prevention in Clinical Oral Health Care",2008,,,"Mosby",,"http://www.sciencedirect.com/science/book/9780323036955"
"9780323036979","Treatment Planning in Dentistry (Second Edition)",2007,,,"Mosby",,"http://www.sciencedirect.com/science/book/9780323036979"
"9780323040396","A Clinical Guide to Dental Traumatology",2007,,,"Mosby",,"http://www.sciencedirect.com/science/book/9780323040396"
"9780323045742","Clinical Review of Oral and Maxillofacial Surgery",2008,,,"Mosby",,"http://www.sciencedirect.com/science/book/9780323045742"
"9780323054607","Current Therapy in Orthodontics",2010,,,"Mosby",,"http://www.sciencedirect.com/science/book/9780323054607"
"9780323056809","Sedation (Fifth Edition)",2010,,,"Mosby",,"http://www.sciencedirect.com/science/book/9780323056809"
"9780323057240","McDonald and Avery Dentistry for the Child and Adolescent (Ninth Edition)",2011,,,"Mosby",,"http://www.sciencedirect.com/science/book/9780323057240"
"9780323062060","Principles and Practice of Laser Dentistry",2011,,,"Mosby",,"http://www.sciencedirect.com/science/book/9780323062060"
"9780323068888","Problem Solving in Endodontics (Fifth Edition)",2011,,,"Mosby",,"http://www.sciencedirect.com/science/book/9780323068888"
"9780323069908","McCracken's Removable Partial Prosthodontics (Twelfth Edition)",2011,,,"Mosby",,"http://www.sciencedirect.com/science/book/9780323069908"
"9780443100376","Oral Medicine",2007,,,"Churchill Livingstone",,"http://www.sciencedirect.com/science/book/9780443100376"
"9780443100383","Legal Aspects of General Dental Practice",2006,,,"Churchill Livingstone",,"http://www.sciencedirect.com/science/book/9780443100383"
"9780443100734","Oral and Maxillofacial Surgery (Second Edition)",2007,,,"Churchill Livingstone",,"http://www.sciencedirect.com/science/book/9780443100734"
"9780443100987","Essential Human Disease for Dentists",2007,,,"Churchill Livingstone",,"http://www.sciencedirect.com/science/book/9780443100987"
"9780721601960","Biomechanics and Esthetic Strategies in Clinical Orthodontics",2005,,,"W.B. Saunders",,"http://www.sciencedirect.com/science/book/9780721601960"
"9780723433910","Orthodontic Treatment of the Class II Noncompliant Patient",2006,,,"Mosby",,"http://www.sciencedirect.com/science/book/9780723433910"
"9780723434023","Orthodontic Miniscrew Implants",2009,,,"Mosby",,"http://www.sciencedirect.com/science/book/9780723434023"
"9780723434122","Orofacial Pain and Headache",2008,,,"Mosby",,"http://www.sciencedirect.com/science/book/9780723434122"
"9780723434818","Tip-Edge Orthodontics and the Plus Bracket (Second Edition)",2009,,,"Mosby",,"http://www.sciencedirect.com/science/book/9780723434818"
"9780323034708","Plastic Surgery Secrets Plus (Second Edition)",2010,,,"Mosby",,"http://www.sciencedirect.com/science/book/9780323034708"
"9780323057967","Clinical Nuclear Cardiology (Fourth Edition)",2010,,,"Mosby",,"http://www.sciencedirect.com/science/book/9780323057967"
"9780323058766","Comprehensive Clinical Nephrology (Fourth Edition)",2010,,,"Mosby",,"http://www.sciencedirect.com/science/book/9780323058766"
"9780323065047","Fam's Musculoskeletal Examination and Joint Injection Techniques (Second Edition)",2010,,,"Mosby",,"http://www.sciencedirect.com/science/book/9780323065047"
"9780323065160","Manual of Surgical Pathology (Third Edition)",2010,,,"W.B. Saunders",,"http://www.sciencedirect.com/science/book/9780323065160"
"9780323065610","Pediatric Secrets (Fifth Edition)",2011,,,"Mosby",,"http://www.sciencedirect.com/science/book/9780323065610"
"9780323067942","Radiology Secrets Plus (Third Edition)",2011,,,"Mosby",,"http://www.sciencedirect.com/science/book/9780323067942"
"9780323071673","Emergency Medicine Secrets (Fifth Edition)",2011,,,"Mosby",,"http://www.sciencedirect.com/science/book/9780323071673"
"9780443066863","Cardiovascular Magnetic Resonance (Second Edition)",2010,,,"Churchill Livingstone",,"http://www.sciencedirect.com/science/book/9780443066863"
"9780702029134","Minimally Invasive Percutaneous Spinal Techniques",2011,,,"W.B. Saunders",,"http://www.sciencedirect.com/science/book/9780702029134"
"9780702031809","Aesthetic and Reconstructive Surgery of the Breast",2010,,"1","W.B. Saunders",,"http://www.sciencedirect.com/science/book/9780702031809"
"9780702034268","Diagnosis and Management of Adult Congenital Heart Disease (Second Edition)",2011,,,"Churchill Livingstone",,"http://www.sciencedirect.com/science/book/9780702034268"
"9780702034855","Weedon's Skin Pathology (Third Edition)",2010,,,"Churchill Livingstone",,"http://www.sciencedirect.com/science/book/9780702034855"
"9781416002369","High Yield Orthopaedics",2010,,,"W.B. Saunders",,"http://www.sciencedirect.com/science/book/9781416002369"
"9781416002925","Transsphenoidal Surgery",2010,,,"W.B. Saunders",,"http://www.sciencedirect.com/science/book/9781416002925"
"9781416024422","Fluid, Electrolyte and Acid-Base Physiology (Fourth Edition)",2010,,,"W.B. Saunders",,"http://www.sciencedirect.com/science/book/9781416024422"
"9781416046868","Early Diagnosis and Treatment of Cancer Series: Colorectal Cancer",2010,,,"W.B. Saunders",,"http://www.sciencedirect.com/science/book/9781416046868"
"9781416049326","Early Diagnosis and Treatment of Cancer Series: Breast Cancer",2010,,,"W.B. Saunders",,"http://www.sciencedirect.com/science/book/9781416049326"
"9781416056249","Assisted Ventilation of the Neonate (Fifth Edition)",2011,,,"W.B. Saunders",,"http://www.sciencedirect.com/science/book/9781416056249"
"9781416056423","Techniques in Hip Arthroscopy and Joint Preservation Surgery",2011,,,"W.B. Saunders",,"http://www.sciencedirect.com/science/book/9781416056423"
"9781416062080","Endovascular Surgery (Fourth Edition)",2011,,,"W.B. Saunders",,"http://www.sciencedirect.com/science/book/9781416062080"
"9781416062318","Brocklehurst's Textbook of Geriatric Medicine and Gerontology (Seventh Edition)",2010,,,"W.B. Saunders",,"http://www.sciencedirect.com/science/book/9781416062318"
"9781416064008","Infectious Diseases of the Fetus and Newborn (Seventh Edition)",2011,,,"W.B. Saunders",,"http://www.sciencedirect.com/science/book/9781416064008"
"9781437702712","Pediatric Allergy: Principles and Practice (Second Edition)",2011,,,"W.B. Saunders",,"http://www.sciencedirect.com/science/book/9781437702712"
"9781437703726","Neuromuscular Disorders: Treatment and Management",2010,,,"W.B. Saunders",,"http://www.sciencedirect.com/science/book/9781437703726"
"9781437703733","The Comprehensive Treatment of the Aging Spine",2011,,,"W.B. Saunders",,"http://www.sciencedirect.com/science/book/9781437703733"
"9781437706031","Retinal Pharmacotherapy",2010,,,"W.B. Saunders",,"http://www.sciencedirect.com/science/book/9781437706031"
"9781437706673","Uveitis (Fourth Edition)",2010,,,"Mosby",,"http://www.sciencedirect.com/science/book/9781437706673"
"9781437707748","Pediatric Gastrointestinal and Liver Disease (Fourth Edition)",2011,,,"W.B. Saunders",,"http://www.sciencedirect.com/science/book/9781437707748"
"9781437707885","Breastfeeding (Seventh Edition)",2011,,,"W.B. Saunders",,"http://www.sciencedirect.com/science/book/9781437707885"
"9781437708059","Endosonography (Second Edition)",2011,,,"W.B. Saunders",,"http://www.sciencedirect.com/science/book/9781437708059"
"9781437708783","Cartilage Surgery",2011,,,"W.B. Saunders",,"http://www.sciencedirect.com/science/book/9781437708783"
"9781437709063","Imaging of Pain",2011,,,"W.B. Saunders",,"http://www.sciencedirect.com/science/book/9781437709063"
"9781437709230","Reconstructive Foot and Ankle Surgery (Second Edition)",2010,,,"W.B. Saunders",,"http://www.sciencedirect.com/science/book/9781437709230"
"9781437709872","Chronic Kidney Disease, Dialysis, and Transplantation (Third Edition)",2010,,,"W.B. Saunders",,"http://www.sciencedirect.com/science/book/9781437709872"
"9781437713688","Catheter Ablation of Cardiac Arrhythmias (Second Edition)",2011,,,"W.B. Saunders",,"http://www.sciencedirect.com/science/book/9781437713688"
"9781437719277","Massachusetts General Hospital Handbook of General Hospital Psychiatry (Sixth Edition)",2010,,,"W.B. Saunders",,"http://www.sciencedirect.com/science/book/9781437719277"
"9780443069741","Treating Autoimmune Disease with Chinese Medicine",2011,,,"Churchill Livingstone",,"http://www.sciencedirect.com/science/book/9780443069741"
"9780443074929","The Consultation in Phytotherapy",2011,,,"Churchill Livingstone",,"http://www.sciencedirect.com/science/book/9780443074929"
"9780443103445","Medical Herbs",2011,,,"Churchill Livingstone",,"http://www.sciencedirect.com/science/book/9780443103445"
"9780702030055","Hypermobility, Fibromyalgia and Chronic Pain",2010,,,"Churchill Livingstone",,"http://www.sciencedirect.com/science/book/9780702030055"
"9780702030208","Acupuncture in Neurological Conditions",2010,,,"Churchill Livingstone",,"http://www.sciencedirect.com/science/book/9780702030208"
"9780702030826","Integrative Hypnotherapy",2010,,,"Churchill Livingstone",,"http://www.sciencedirect.com/science/book/9780702030826"
"9780702031090","Muscles and Meridians",2010,,,"Churchill Livingstone",,"http://www.sciencedirect.com/science/book/9780702031090"
"9780702031793","The Treatment of Pain with Chinese Herbs and Acupuncture (Second Edition)",2011,,,"Churchill Livingstone",,"http://www.sciencedirect.com/science/book/9780702031793"
"9780702033834","Yoga as Therapeutic Exercise",2010,,,"Churchill Livingstone",,"http://www.sciencedirect.com/science/book/9780702033834"
"9780323055789","Small Animal Endoscopy (Third Edition)",2011,,,"Mosby",,"http://www.sciencedirect.com/science/book/9780323055789"
"9780323064828","Manual of Equine Reproduction (Third Edition)",2011,,,"Mosby",,"http://www.sciencedirect.com/science/book/9780323064828"
"9780702029806","Equine Dentistry (Third Edition)",2011,,,"W.B. Saunders",,"http://www.sciencedirect.com/science/book/9780702029806"
"9781416068372","Human-Animal Medicine",2010,,,"W.B. Saunders",,"http://www.sciencedirect.com/science/book/9781416068372"
"9781437708462","Equine Ophthalmology (Second Edition)",2011,,,"W.B. Saunders",,"http://www.sciencedirect.com/science/book/9781437708462"
"9781437709209","Equine Dermatology (Second Edition)",2011,,,"W.B. Saunders",,"http://www.sciencedirect.com/science/book/9781437709209"
"9780444531131","Pyrolysis of Organic Molecules with Applications to Health and Environmental Issues",2010,"0167-9244","Techniques and Instrumentation in Analytical Chemistry","Elsevier",,"http://www.sciencedirect.com/science/book/9780444531131"
"9780123846778","The Agronomy and Economy of Important Tree Crops of the Developing World",2010,,,"Elsevier",,"http://www.sciencedirect.com/science/book/9780123846778"
"9780123809247","Enzyme Kinetics: Catalysis & Control",2010,,,"Elsevier",,"http://www.sciencedirect.com/science/book/9780123809247"
"9780444531797","Advances in Nanoporous Materials",2010,"1878-7959","Advances in Nanoporous Materials","Elsevier",,"http://www.sciencedirect.com/science/book/9780444531797"
"9780123750792","Physically Based Rendering (Second Edition)",2010,,,"Morgan Kaufmann",,"http://www.sciencedirect.com/science/book/9780123750792"
"9780123751652","Interconnecting Smart Objects with IP",2010,,,"Morgan Kaufmann",,"http://www.sciencedirect.com/science/book/9780123751652"
"9780123756954","Making EIM Enterprise Information Management Work for Business",2010,,,"Morgan Kaufmann",,"http://www.sciencedirect.com/science/book/9780123756954"
"9780123820884","Integrated Reservoir Asset Management",2010,,,"Gulf Professional Publishing",,"http://www.sciencedirect.com/science/book/9780123820884"
"9780123821027","Up and Running with Autodesk Inventor Simulation 2011 (Second Edition)",2010,,,"Butterworth-Heinemann",,"http://www.sciencedirect.com/science/book/9780123821027"
"9780815520450","Electrical Codes, Standards, Recommended Practices and Regulations",2010,,,"William Andrew Publishing",,"http://www.sciencedirect.com/science/book/9780815520450"
"9781856176545","Electrical Safety Code Manual",2010,,,"Butterworth-Heinemann",,"http://www.sciencedirect.com/science/book/9781856176545"
"9781856178044","Sustainable Communities Design Handbook",2010,,,"Butterworth-Heinemann",,"http://www.sciencedirect.com/science/book/9781856178044"
"9780123846914","New Insights to Neuroimmune Biology",2010,,,"Elsevier",,"http://www.sciencedirect.com/science/book/9780123846914"
"9780123741776","Bayley-III Clinical Use and Interpretation",2010,,,"Academic Press",,"http://www.sciencedirect.com/science/book/9780123741776"
"9780080449364","Technologically Enhanced Natural Radiation",2010,"1569-4860","Radioactivity in the Environment","Elsevier",,"http://www.sciencedirect.com/science/book/9780080449364"
"9781416060680","MULTIPLE SCLEROSIS 3",2010,"1877-184X","Blue Books of Neurology","Butterworth-Heinemann",,"http://www.sciencedirect.com/science/book/9781416060680"
"9781416066415","MOVEMENT DISORDERS 4",2010,"1877-184X","Blue Books of Neurology","Butterworth-Heinemann",,"http://www.sciencedirect.com/science/book/9781416066415"
"9780444531414","{Handbook of Dynamical Systems, Volume 3}",2010,"1874-575X","Handbook of Dynamical Systems","Elsevier Science",,"http://www.sciencedirect.com/science/book/9780444531414"
"9780123851482","Introduction to Practice of Molecular Simulation",2011,,,"Elsevier",,"http://www.sciencedirect.com/science/book/9780123851482"
"9780123848901","Genetics and Evolution of Infectious Diseases",2011,,,"Elsevier",,"http://www.sciencedirect.com/science/book/9780123848901"
"9780123820068","Microbial Forensics (Second Edition)",2011,,,"Academic Press",,"http://www.sciencedirect.com/science/book/9780123820068"
"9780444530820","Handbook of Flotation Reagents: Chemistry, Theory and Practice",2010,,,"Elsevier",,"http://www.sciencedirect.com/science/book/9780444530820"
"9780123750921","Usability Testing Essentials",2011,,,"Morgan Kaufmann",,"http://www.sciencedirect.com/science/book/9780123750921"
"9781597494861","A Guide to Kernel Exploitation",2011,,,"Syngress",,"http://www.sciencedirect.com/science/book/9781597494861"
"9781597495820","Citrix XenDesktop Implementation",2010,,,"Syngress",,"http://www.sciencedirect.com/science/book/9781597495820"
"9781597495943","Security for Microsoft Windows System Administrators",2011,,,"Syngress",,"http://www.sciencedirect.com/science/book/9781597495943"
"9780444528582","Coal and Peat Fires: A Global Perspective",2010,,,"Elsevier",,"http://www.sciencedirect.com/science/book/9780444528582"
"9781437778489","Integrated Nanophotonic Devices",2010,,,"William Andrew Publishing",,"http://www.sciencedirect.com/science/book/9781437778489"
"9780444508973","Handbook of Financial Econometrics Tools and Techniques",2010,,,"North-Holland",,"http://www.sciencedirect.com/science/book/9780444508973"
"9780444535481","Handbook of Financial Econometrics Applications",2010,,,"Elsevier",,"http://www.sciencedirect.com/science/book/9780444535481"
"9780123848765","American Trypanosomiasis",2010,,,"Elsevier",,"http://www.sciencedirect.com/science/book/9780123848765"
"9780123751546","Manual of Pediatric Hematology and Oncology (Fifth Edition)",2011,,,"Academic Press",,"http://www.sciencedirect.com/science/book/9780123751546"
"9780123849663","Lectures on Dynamics of Stochastic Systems",2011,,,"Elsevier",,"http://www.sciencedirect.com/science/book/9780123849663"
"9780123786388","Handbook of the Biology of Aging (Seventh Edition)",2011,,"Handbooks of Aging","Academic Press",,"http://www.sciencedirect.com/science/book/9780123786388"
"9780444534392","Compendium of Trace Metals and Marine Biota",2010,,,"Elsevier",,"http://www.sciencedirect.com/science/book/9780444534392"
"9780123748997","Smart Things",2010,,,"Morgan Kaufmann",,"http://www.sciencedirect.com/science/book/9780123748997"
"9781597495639","CISSP Study Guide",2010,,,"Syngress",,"http://www.sciencedirect.com/science/book/9781597495639"
"9781856177528","Space Safety Regulations and Standards",2011,,,"Butterworth-Heinemann",,"http://www.sciencedirect.com/science/book/9781856177528"
"9780123820006","Forensic Dental Evidence (Second Edition)",2010,,,"Academic Press",,"http://www.sciencedirect.com/science/book/9780123820006"
"9780123749338","Forms for the Therapist",2010,,,"Academic Press",,"http://www.sciencedirect.com/science/book/9780123749338"
"9780123814531","Handbook on Animal-Assisted Therapy (Third Edition)",2010,,,"Academic Press",,"http://www.sciencedirect.com/science/book/9780123814531"
"9780444532619","Synchrotron-Based Techniques in Soils and Sediments",2010,"0166-2481","Developments in Soil Science","Elsevier",,"http://www.sciencedirect.com/science/book/9780444532619"
"9780444535269","Carbonates in Continental Settings: Geochemistry, Diagenesis and Applications",2010,"0070-4571","Developments in Sedimentology","Elsevier",,"http://www.sciencedirect.com/science/book/9780444535269"
"9780444529947","Principles of Electric Methods in Surface and Borehole Geophysics",2010,"0076-6895","Methods in Geochemistry and Geophysics","Elsevier",,"http://www.sciencedirect.com/science/book/9780444529947"
"9781597495707","Securing the Smart Grid",2011,,,"Syngress",,"http://www.sciencedirect.com/science/book/9781597495707"
"9781597495745","Managed Code Rootkits",2011,,,"Syngress",,"http://www.sciencedirect.com/science/book/9781597495745"
"9780123809285","Regenerative Nephrology",2011,,,"Academic Press",,"http://www.sciencedirect.com/science/book/9780123809285"
"9780123756749","Mouse Behavioral Testing",2011,,,"Academic Press",,"http://www.sciencedirect.com/science/book/9780123756749"
"9780444535566","Handbook of Spent Hydroprocessing Catalysts",2010,,,"Elsevier",,"http://www.sciencedirect.com/science/book/9780444535566"
"9780444520159","Bacterial Infections of the Central Nervous System",2010,"0072-9752","Handbook of Clinical Neurology","Elsevier",,"http://www.sciencedirect.com/science/book/9780444520159"
"9780125286299","Nonlinear Ocean Waves and the Inverse Scattering Transform",2010,"0074-6142","International Geophysics","Academic Press",,"http://www.sciencedirect.com/science/book/9780125286299"
"9780444530455","The Mrdalsjkull Ice Cap, Iceland. Glacial processes, sediments and landforms on an active volcano",2010,"1571-0866","Developments in Quaternary Sciences","Elsevier",,"http://www.sciencedirect.com/science/book/9780444530455"
"9781437778137","Red Panda",2011,,,"William Andrew Publishing",,"http://www.sciencedirect.com/science/book/9781437778137"
"9780123815354","Stem Cells: Scientific Facts and Fiction",2011,,,"Academic Press",,"http://www.sciencedirect.com/science/book/9780123815354"
"9780123737175","The Practitioner's Guide to Data Quality Improvement",2011,,"MK Series on Business Intelligence","Morgan Kaufmann",,"http://www.sciencedirect.com/science/book/9780123737175"
"9780815520498","Coal Gasification and Its Applications",2010,,,"William Andrew Publishing",,"http://www.sciencedirect.com/science/book/9780815520498"
"9780750686327","Handbook of Industrial Hydrocarbon Processes",2011,,,"Gulf Professional Publishing",,"http://www.sciencedirect.com/science/book/9780750686327"
"9780122499517","Virus Taxonomy: Eighth Report of the International Committee on Taxonomy of Viruses",2005,,,"Academic Press",,"http://www.sciencedirect.com/science/book/9780122499517"
"9780123748829","Mathematics for Neuroscientists",2010,,,"Academic Press",,"http://www.sciencedirect.com/science/book/9780123748829"
"9780123750969","Social Anxiety (Second Edition)",2010,,,"Academic Press",,"http://www.sciencedirect.com/science/book/9780123750969"
"9780444534248","Advances in Quaternary Entomology",2010,"1571-0866","Developments in Quaternary Sciences","Elsevier",,"http://www.sciencedirect.com/science/book/9780444534248"
"9780123744203","Olives and Olive Oil in Health and Disease Prevention",2010,,,"Academic Press",,"http://www.sciencedirect.com/science/book/9780123744203"
"9780444532343","Cereal Straw as a Resource for Sustainable Biomaterials and Biofuels",2010,,,"Elsevier",,"http://www.sciencedirect.com/science/book/9780444532343"
"9780123738660","Nitric Oxide (Second Edition)",2010,,,"Academic Press",,"http://www.sciencedirect.com/science/book/9780123738660"
"9780444527851","Fundamentals of Petroleum Refining",2010,,,"Elsevier",,"http://www.sciencedirect.com/science/book/9780444527851"
"9780444530288","Thermodynamics of Non-Equilibrium Processes for Chemists with a Particular Application to Catalysis",2010,,,"Elsevier",,"http://www.sciencedirect.com/science/book/9780444530288"
"9780123748928","Beyond the Usability Lab",2010,,,"Morgan Kaufmann",,"http://www.sciencedirect.com/science/book/9780123748928"
"9780123749215","Design to Thrive",2010,,,"Morgan Kaufmann",,"http://www.sciencedirect.com/science/book/9780123749215"
"9780123750303","Designing with the Mind in Mind",2010,,,"Morgan Kaufmann",,"http://www.sciencedirect.com/science/book/9780123750303"
"9781597494977","Eleventh Hour Linux+",2010,,,"Syngress",,"http://www.sciencedirect.com/science/book/9781597494977"
"9781597494991","PCI Compliance (Second Edition)",2010,,,"Syngress",,"http://www.sciencedirect.com/science/book/9781597494991"
"9781597495431","Seven Deadliest Web Application Attacks",2010,,,"Syngress",,"http://www.sciencedirect.com/science/book/9781597495431"
"9781597495516","Seven Deadliest Microsoft Attacks",2010,,,"Syngress",,"http://www.sciencedirect.com/science/book/9781597495516"
"9781856177474","Digital Video Surveillance and Security",2010,,,"Butterworth-Heinemann",,"http://www.sciencedirect.com/science/book/9781856177474"
"9780080964461","Handbook of Pollution Prevention and Cleaner Production",2010,,,"William Andrew Publishing",,"http://www.sciencedirect.com/science/book/9780080964461"
"9780123744869","Introduction to Pattern Recognition",2010,,,"Academic Press",,"http://www.sciencedirect.com/science/book/9780123744869"
"9780123747839","Essential Mathcad for Engineering, Science, and Math (Second Edition)",2009,,,"Academic Press",,"http://www.sciencedirect.com/science/book/9780123747839"
"9780123748799","OFDM for Optical Communications",2010,,,"Academic Press",,"http://www.sciencedirect.com/science/book/9780123748799"
"9780123748836","Essential Matlab for Engineers and Scientists (Fourth Edition)",2010,,,"Academic Press",,"http://www.sciencedirect.com/science/book/9780123748836"
"9780123749505","Optical Performance Monitoring",2010,,,"Academic Press",,"http://www.sciencedirect.com/science/book/9780123749505"
"9781597492720","Pattern Recognition (Fourth Edition)",2009,,,"Academic Press",,"http://www.sciencedirect.com/science/book/9781597492720"
"9781856174978","Materials and Design (Second Edition)",2010,,,"Butterworth-Heinemann",,"http://www.sciencedirect.com/science/book/9781856174978"
"9781856175487","Construction Process Planning and Management",2009,,,"Butterworth-Heinemann",,"http://www.sciencedirect.com/science/book/9781856175487"
"9781856176002","Well Testing Project Management",2009,,,"Gulf Professional Publishing",,"http://www.sciencedirect.com/science/book/9781856176002"
"9781856176057","Hardware/Firmware Interface Design",2010,,,"Newnes",,"http://www.sciencedirect.com/science/book/9781856176057"
"9781856176620","Integrated Design of Multiscale, Multifunctional Materials and Products",2010,,,"Butterworth-Heinemann",,"http://www.sciencedirect.com/science/book/9781856176620"
"9781856176767","Green Construction Project Management and Cost Oversight",2010,,,"Architectural Press",,"http://www.sciencedirect.com/science/book/9781856176767"
"9781856176910","LEED Practices, Certification, and Accreditation Handbook",2009,,,"Butterworth-Heinemann",,"http://www.sciencedirect.com/science/book/9781856176910"
"9781856176934","Piping and Pipeline Calculations Manual",2010,,,"Butterworth-Heinemann",,"http://www.sciencedirect.com/science/book/9781856176934"
"9781856177061","FPGAs 101",2010,,,"Newnes",,"http://www.sciencedirect.com/science/book/9781856177061"
"9781856177122","The Safety Relief Valve Handbook",2010,,,"Butterworth-Heinemann",,"http://www.sciencedirect.com/science/book/9781856177122"
"9781856177191","SD Card Projects Using the PIC Microcontroller",2010,,,"Newnes",,"http://www.sciencedirect.com/science/book/9781856177191"
"9781856177504","Designing Embedded Systems with PIC Microcontrollers (Second Edition)",2010,,,"Newnes",,"http://www.sciencedirect.com/science/book/9781856177504"
"9781856177627","Robert Lacoste's The Darker Side",2010,,,"Newnes",,"http://www.sciencedirect.com/science/book/9781856177627"
"9781856177719","Structural Elements for Architects and Builders",2010,,,"Butterworth-Heinemann",,"http://www.sciencedirect.com/science/book/9781856177719"
"9781856177979","Sustainable Land Development and Restoration",2010,,,"Butterworth-Heinemann",,"http://www.sciencedirect.com/science/book/9781856177979"
"9781856178280","Working Guide to Pumps and Pumping Stations",2010,,,"Gulf Professional Publishing",,"http://www.sciencedirect.com/science/book/9781856178280"
"9781856179638","The Definitive Guide to the ARM Cortex-M3 (Second Edition)",2010,,,"Newnes",,"http://www.sciencedirect.com/science/book/9781856179638"
"9780123748553","Ecology and Classification of North American Freshwater Invertebrates (Third Edition)",2009,,,"Academic Press",,"http://www.sciencedirect.com/science/book/9780123748553"
"9780123745033","An Introduction to Investment Banks, Hedge Funds, and Private Equity",2010,,,"Academic Press",,"http://www.sciencedirect.com/science/book/9780123745033"
"9780126410037","Global Bank Regulation",2010,,,"Academic Press",,"http://www.sciencedirect.com/science/book/9780126410037"
"9780123757289","Crime Scene Photography (Second Edition)",2010,,,"Academic Press",,"http://www.sciencedirect.com/science/book/9780123757289"
"9780815520276","Plastics in Medical Devices",2010,,"Plastics Design Library","William Andrew Publishing",,"http://www.sciencedirect.com/science/book/9780815520276"
"9780123742711","Principles of Gender-Specific Medicine (Second Edition)",2010,,,"Academic Press",,"http://www.sciencedirect.com/science/book/9780123742711"
"9780123746023","Osteoporosis in Men (Second Edition)",2010,,,"Academic Press",,"http://www.sciencedirect.com/science/book/9780123746023"
"9781856175470","The Law of Emergencies",2009,,,"Butterworth-Heinemann",,"http://www.sciencedirect.com/science/book/9781856175470"
"9781856176125","Disasters and Public Health",2009,,,"Butterworth-Heinemann",,"http://www.sciencedirect.com/science/book/9781856176125"
"9781856176132","Hospital and Healthcare Security (Fifth Edition)",2010,,,"Butterworth-Heinemann",,"http://www.sciencedirect.com/science/book/9781856176132"
"9781856177016","Hospital Emergency Response Teams",2010,,,"Butterworth-Heinemann",,"http://www.sciencedirect.com/science/book/9781856177016"
"9780123749512","Mechanisms of Memory (Second Edition)",2010,,,"Academic Press",,"http://www.sciencedirect.com/science/book/9780123749512"
"9780124967366","Principles of Addictions and the Law",2010,,,"Academic Press",,"http://www.sciencedirect.com/science/book/9780124967366"
"9781597495370","Digital Forensics for Network, Internet, and Cloud Computing",2010,,,"Syngress",,"http://www.sciencedirect.com/science/book/9781597495370"
"9781597495783","Microsoft Windows Server 2008 R2",2010,,,"Syngress",,"http://www.sciencedirect.com/science/book/9781597495783"
"9781597495967","Digital Triage Forensics",2010,,,"Syngress",,"http://www.sciencedirect.com/science/book/9781597495967"
"9780123847119","Quantum Magnetic Resonance Imaging Diagnostics of Human Brain Disorders",2010,,,"Elsevier",,"http://www.sciencedirect.com/science/book/9780123847119"
"9780123814142","System Assurance",2011,,"The MK/OMG Press","Morgan Kaufmann",,"http://www.sciencedirect.com/science/book/9780123814142"
"9780080968025","Airworthiness (Second Edition)",2011,,,"Butterworth-Heinemann",,"http://www.sciencedirect.com/science/book/9780080968025"
"9780123749659","Optically Amplified WDM Networks",2011,,,"Academic Press",,"http://www.sciencedirect.com/science/book/9780123749659"
"9781856177047","VHDL 101",2011,,,"Newnes",,"http://www.sciencedirect.com/science/book/9781856177047"
"9780123849137","Neuroinflammation",2011,,,"Elsevier",,"http://www.sciencedirect.com/science/book/9780123849137"
"9780750675161","Neuro-Oncology",2010,"1877-184X","Blue Books of Neurology","Butterworth-Heinemann",,"http://www.sciencedirect.com/science/book/9780750675161"
"9780123743879","Obesity Prevention",2010,,,"Academic Press",,"http://www.sciencedirect.com/science/book/9780123743879"
"9780123747181","Irradiation of Food Commodities",2010,,,"Academic Press",,"http://www.sciencedirect.com/science/book/9780123747181"
"9780123747532","Hyperspectral Imaging for Food Quality Analysis and Control",2010,,,"Academic Press",,"http://www.sciencedirect.com/science/book/9780123747532"
"9780123748812","The Science of Grapevines",2010,,,"Academic Press",,"http://www.sciencedirect.com/science/book/9780123748812"
"9780123749383","Bioactive Foods in Promoting Health",2010,,,"Academic Press",,"http://www.sciencedirect.com/science/book/9780123749383"
"9780123750891","Environmental Biotechnology",2010,,,"Academic Press",,"http://www.sciencedirect.com/science/book/9780123750891"
"9780080548203","Environanotechnology",2010,,,"Elsevier",,"http://www.sciencedirect.com/science/book/9780080548203"
"9780123815415","No Code Required",2010,,,"Morgan Kaufmann",,"http://www.sciencedirect.com/science/book/9780123815415"
"9781597495578","Virtualization and Forensics",2010,,,"Syngress",,"http://www.sciencedirect.com/science/book/9781597495578"
"9781597495615","Microsoft Windows 7 Administrator's Reference",2010,,,"Syngress",,"http://www.sciencedirect.com/science/book/9781597495615"
"9780444532602","Small-Format Aerial Photography",2010,,,"Elsevier",,"http://www.sciencedirect.com/science/book/9780444532602"
"9780123815439","Electrical Load Forecasting",2010,,,"Butterworth-Heinemann",,"http://www.sciencedirect.com/science/book/9780123815439"
"9780123747266","Handbook of Blind Source Separation",2010,,,"Academic Press",,"http://www.sciencedirect.com/science/book/9780123747266"
"9780123747747","Solar Cell Device Physics (Second Edition)",2010,,,"Academic Press",,"http://www.sciencedirect.com/science/book/9780123747747"
"9780123749888","Biomass Gasification and Pyrolysis",2010,,,"Academic Press",,"http://www.sciencedirect.com/science/book/9780123749888"
"9781437778052","Process Risk and Reliability Management",2010,,,"William Andrew Publishing",,"http://www.sciencedirect.com/science/book/9781437778052"
"9781437778236","Semiconductor Nanomaterials for Flexible Technologies",2010,,"Micro and Nano Technologies","William Andrew Publishing",,"http://www.sciencedirect.com/science/book/9781437778236"
"9781856176781","Digital Media Processing",2010,,,"Newnes",,"http://www.sciencedirect.com/science/book/9781856176781"
"9780123786050","Introduction to WinBUGS for Ecologists",2010,,,"Academic Press",,"http://www.sciencedirect.com/science/book/9780123786050"
"9780123744302","Genetic Diagnosis of Endocrine Disorders",2010,,,"Academic Press",,"http://www.sciencedirect.com/science/book/9780123744302"
"9780123745187","Human Factors in Aviation (Second Edition)",2010,,,"Academic Press",,"http://www.sciencedirect.com/science/book/9780123745187"
"9780123749277","Nutritional and Herbal Therapies for Children and Adolescents",2010,,,"Academic Press",,"http://www.sciencedirect.com/science/book/9780123749277"
"9780123750358","WAIS-IV Clinical Use and Interpretation",2010,,,"Academic Press",,"http://www.sciencedirect.com/science/book/9780123750358"
"9780123745934","Handbook of Mammalian Vocalization",2010,"1569-7339","Handbook of Behavioral Neuroscience","Elsevier",,"http://www.sciencedirect.com/science/book/9780123745934"
"9780123814227","Principles of Regenerative Medicine (Second Edition)",2011,,,"Academic Press",,"http://www.sciencedirect.com/science/book/9780123814227"
"9780080966823","The MBR Book (Second Edition)",2011,,,"Butterworth-Heinemann",,"http://www.sciencedirect.com/science/book/9780080966823"
"9780444535887","Proceedings of the 2nd Annual Gas Processing Symposium",2010,,,"Elsevier",,"http://www.sciencedirect.com/science/book/9780444535887"
"9780815520412","The Refinery of the Future",2010,,,"William Andrew Publishing",,"http://www.sciencedirect.com/science/book/9780815520412"
"9780123814968","Understanding Motion Capture for Computer Animation (Second Edition)",2011,,"The Morgan Kaufmann Series in Computer Graphics","Morgan Kaufmann",,"http://www.sciencedirect.com/science/book/9780123814968"
"9780123819727","Entity Resolution and Information Quality",2011,,,"Morgan Kaufmann",,"http://www.sciencedirect.com/science/book/9780123819727"
"9780123750259","Renewable Energy (Fourth Edition)",2010,,,"Academic Press",,"http://www.sciencedirect.com/science/book/9780123750259"
"9781437778250","Handbook of Pollution Prevention and Cleaner Production: Best Practices in the Agrochemical Industry",2010,,,"William Andrew Publishing",,"http://www.sciencedirect.com/science/book/9781437778250"
"9781437778571","Handbook of Fire and Explosion Protection Engineering Principles",2011,,,"William Andrew Publishing",,"http://www.sciencedirect.com/science/book/9781437778571"
"9781856176897","Subsea Engineering Handbook",2010,,,"Gulf Professional Publishing",,"http://www.sciencedirect.com/science/book/9781856176897"
"9780123849113","Neurological Disorders and Pregnancy",2011,,,"Elsevier",,"http://www.sciencedirect.com/science/book/9780123849113"
"9780123785961","Online Counseling (Second Edition)",2011,,,"Academic Press",,"http://www.sciencedirect.com/science/book/9780123785961"
"9780123750914","Radiometric Temperature Measurements: II. Applications",2010,"1079-4042","Experimental Methods in the Physical Sciences","Academic Press",,"http://www.sciencedirect.com/science/book/9780123750914"
"9780444534408","Nanoclusters",2010,"1875-4023","Science and Technology of Atomic, Molecular, Condensed Matter & Biological Systems","Elsevier",,"http://www.sciencedirect.com/science/book/9780444534408"
"9780123751584","Fenner's Veterinary Virology (Fourth Edition)",2011,,,"Academic Press",,"http://www.sciencedirect.com/science/book/9780123751584"
"9780444535993","Modern Inorganic Synthetic Chemistry",2011,,,"Elsevier",,"http://www.sciencedirect.com/science/book/9780444535993"
"9781597495660","Eleventh Hour CISSP",2011,,,"Syngress",,"http://www.sciencedirect.com/science/book/9781597495660"
"9780080967813","Safety Critical Systems Handbook",2011,,,"Butterworth-Heinemann",,"http://www.sciencedirect.com/science/book/9780080967813"
"9780123749642","Mobile WiMAX",2011,,,"Academic Press",,"http://www.sciencedirect.com/science/book/9780123749642"
"9780123820983","Rotating Flow",2011,,,"Butterworth-Heinemann",,"http://www.sciencedirect.com/science/book/9780123820983"
"9780123821904","Autonomic Network Management Principles",2011,,,"Academic Press",,"http://www.sciencedirect.com/science/book/9780123821904"
"9780123821942","MIMO",2011,,,"Academic Press",,"http://www.sciencedirect.com/science/book/9780123821942"
"9781437778403","Microsystems for Bioelectronics",2011,,,"William Andrew Publishing",,"http://www.sciencedirect.com/science/book/9781437778403"
"9781856179430","Oil Spill Science and Technology",2011,,,"Gulf Professional Publishing",,"http://www.sciencedirect.com/science/book/9781856179430"
"9780123809261","The Pituitary (Third Edition)",2011,,,"Academic Press",,"http://www.sciencedirect.com/science/book/9780123809261"
"9780123748775","Plasma Scattering of Electromagnetic Radiation (Second Edition)",2011,,,"Academic Press",,"http://www.sciencedirect.com/science/book/9780123748775"
"9780123808806","Handbook of Aging and the Social Sciences (Seventh Edition)",2011,,"Handbooks of Aging","Academic Press",,"http://www.sciencedirect.com/science/book/9780123808806"
"9780123815224","Behavioral Treatments for Sleep Disorders",2011,,,"Academic Press",,"http://www.sciencedirect.com/science/book/9780123815224"
"9780444534750","Wave Length and Action Potentials: History of the International Federation of Clinical Neurophysiology",2010,"1567-424X","Supplements to Clinical Neurophysiology","Elsevier",,"http://www.sciencedirect.com/science/book/9780444534750"
"9780123756909","Calculations for Molecular Biology and Biotechnology (Second Edition)",2011,,,"Academic Press",,"http://www.sciencedirect.com/science/book/9780123756909"
"9780444535603","Analytical Modelling of Fuel Cells",2010,,,"Elsevier",,"http://www.sciencedirect.com/science/book/9780444535603"
"9780123749130","Information Systems Transformation",2010,,"The MK/OMG Press","Morgan Kaufmann",,"http://www.sciencedirect.com/science/book/9780123749130"
"9780123847157","Trap Level Spectroscopy in Amorphous Semiconductors",2010,,,"Elsevier",,"http://www.sciencedirect.com/science/book/9780123847157"
"9780123749468","Crew Resource Management (Second Edition)",2010,,,"Academic Press",,"http://www.sciencedirect.com/science/book/9780123749468"
"9780123746344","Handbook of the Behavioral Neurobiology of Serotonin",2010,"1569-7339","Handbook of Behavioral Neuroscience","Elsevier",,"http://www.sciencedirect.com/science/book/9780123746344"
"9780444535658","Electric and Hybrid Vehicles",2010,,,"Elsevier",,"http://www.sciencedirect.com/science/book/9780444535658"
"9781856176323","Membrane Technology",2010,,,"Butterworth-Heinemann",,"http://www.sciencedirect.com/science/book/9781856176323"
"9780750681599","The Repo Handbook (Second Edition)",2010,,"291R/Securities Institute Global Capital Markets","Butterworth-Heinemann",,"http://www.sciencedirect.com/science/book/9780750681599"
"9780123756688","Treatment of Eating Disorders",2010,,,"Academic Press",,"http://www.sciencedirect.com/science/book/9780123756688"
"9780444535443","The Brain and Host Defense",2010,"1567-7443","NeuroImmune Biology","Elsevier",,"http://www.sciencedirect.com/science/book/9780444535443"
"9780444536013","Scientific Bases for the Preparation of Heterogeneous Catalysts",2010,"0167-2991","Studies in Surface Science and Catalysis","Elsevier",,"http://www.sciencedirect.com/science/book/9780444536013"
"9780444536211","Characterization of Liquids, Nano- and Microparticulates, and Porous Bodies Using Ultrasound",2010,"1383-7303","Studies in Interface Science","Elsevier",,"http://www.sciencedirect.com/science/book/9780444536211"
"9780123821713","The HDL Handbook",2010,,,"Academic Press",,"http://www.sciencedirect.com/science/book/9780123821713"
"9780123750419","Managing Time in Relational Databases",2010,,,"Morgan Kaufmann",,"http://www.sciencedirect.com/science/book/9780123750419"
"9780123822291","Analyzing Social Media Networks with NodeXL",2011,,,"Morgan Kaufmann",,"http://www.sciencedirect.com/science/book/9780123822291"
"9781597495684","Dissecting the Hack (Revised First Edition)",2010,,,"Syngress",,"http://www.sciencedirect.com/science/book/9781597495684"
"9781856179782","Metrics and Methods for Security Risk Management",2010,,,"Syngress",,"http://www.sciencedirect.com/science/book/9781856179782"
"9780815515456","Micro-Manufacturing Engineering and Technology",2010,,"Micro and Nano Technologies","William Andrew Publishing",,"http://www.sciencedirect.com/science/book/9780815515456"
"9780123749611","Handbook of Assessment in Clinical Gerontology (Second Edition)",2010,,,"Academic Press",,"http://www.sciencedirect.com/science/book/9780123749611"
"9780444531155","Sustainable Water for the Future: Water Recycling versus Desalination",2010,"1871-2711","Sustainability Science and Engineering","Elsevier",,"http://www.sciencedirect.com/science/book/9780444531155"
"9780444530257","Carbonates in Continental Settings: Facies, Environments, and Processes",2010,"0070-4571","Developments in Sedimentology","Elsevier",,"http://www.sciencedirect.com/science/book/9780444530257"
"9780080452623","Active Geophysical Monitoring",2010,"0950-1401","Handbook of Geophysical Exploration: Seismic Exploration","Pergamon",,"http://www.sciencedirect.com/science/book/9780080452623"
"9780123814951","A History of Weed Science in the United States",2010,,,"Elsevier",,"http://www.sciencedirect.com/science/book/9780123814951"
"9780123747679","Handbook of Basal Ganglia Structure and Function",2010,"1569-7339","Handbook of Behavioral Neuroscience","Elsevier",,"http://www.sciencedirect.com/science/book/9780123747679"
"9780123815088","Aging, Ageism and Abuse",2010,,,"Elsevier",,"http://www.sciencedirect.com/science/book/9780123815088"
"9780444521392","Headache",2010,"0072-9752","Handbook of Clinical Neurology","Elsevier",,"http://www.sciencedirect.com/science/book/9780444521392"
"9781416063933","Child Abuse and Neglect",2010,,,"W.B. Saunders",,"http://www.sciencedirect.com/science/book/9781416063933"
"9780443068133","A Guide to Sports and Injury Management",2010,,,"Churchill Livingstone",,"http://www.sciencedirect.com/science/book/9780443068133"
"9780702030420","Pocket Podiatry: Footwear and Foot Orthoses",2010,,,"Churchill Livingstone",,"http://www.sciencedirect.com/science/book/9780702030420"
"9781437701500","Diagnostic Radiology and Ultrasonography of the Dog and Cat (Fifth Edition)",2011,,,"W.B. Saunders",,"http://www.sciencedirect.com/science/book/9781437701500"
"9780123741455","Handbook of Cell Signaling (Second Edition)",2009,,"S165/Cell Biology","Academic Press",,"http://www.sciencedirect.com/science/book/9780123741455"
"9780123815200","Agile Development & Business Goals",2010,,,"Morgan Kaufmann",,"http://www.sciencedirect.com/science/book/9780123815200"
"9781856178556","Enhanced Oil Recovery: Field Planning and Development Strategies",2010,,,"Gulf Professional Publishing",,"http://www.sciencedirect.com/science/book/9781856178556"
"9780323057127","Neurology Secrets (Fifth Edition)",2011,,,"Mosby",,"http://www.sciencedirect.com/science/book/9780323057127"
"9780750698528","Movement Disorders in Childhood",2010,,,"W.B. Saunders",,"http://www.sciencedirect.com/science/book/9780750698528"
"9781416036241","Tumors and Tumor-Like Conditions of the Lung and Pleura",2010,,,"W.B. Saunders",,"http://www.sciencedirect.com/science/book/9781416036241"
"9781416054764","Evidence-Based Practice of Critical Care",2010,,,"W.B. Saunders",,"http://www.sciencedirect.com/science/book/9781416054764"
"9780080450438","Responding to Terrorism",2010,,,"Churchill Livingstone",,"http://www.sciencedirect.com/science/book/9780080450438"
"9780443067822","Acupuncture in Manual Therapy",2010,,,"Churchill Livingstone",,"http://www.sciencedirect.com/science/book/9780443067822"
"9780702031076","Foot and Ankle Injection Techniques",2010,,,"Churchill Livingstone",,"http://www.sciencedirect.com/science/book/9780702031076"
"9780702031106","Reflexology in Pregnancy and Childbirth",2010,,,"Churchill Livingstone",,"http://www.sciencedirect.com/science/book/9780702031106"
"9780323066198","Canine and Feline Nutrition (Third Edition)",2011,,,"Mosby",,"http://www.sciencedirect.com/science/book/9780323066198"
"9780702028175","Cardiology of the Horse (Second Edition)",2010,,,"W.B. Saunders",,"http://www.sciencedirect.com/science/book/9780702028175"
"9781416048893","Small Animal Pediatrics",2011,,,"W.B. Saunders",,"http://www.sciencedirect.com/science/book/9781416048893"
"9780123757098","Handbook of Epigenetics",2011,,,"Academic Press",,"http://www.sciencedirect.com/science/book/9780123757098"
"9780444532626","Handbook of Biosensors and Biosensor Kinetics",2011,,,"Elsevier",,"http://www.sciencedirect.com/science/book/9780444532626"
"9780080958439","Handbook of Heterocyclic Chemistry (Third Edition)",2010,,,"Elsevier",,"http://www.sciencedirect.com/science/book/9780080958439"
"9780444531568","Interpretation of Micromorphological Features of Soils and Regoliths",2010,,,"Elsevier",,"http://www.sciencedirect.com/science/book/9780444531568"
"9780123750273","Statistical Signal Processing for Neuroscience and Neurotechnology",2010,,,"Academic Press",,"http://www.sciencedirect.com/science/book/9780123750273"
"9781437778076","Advanced Industrial Control Technology",2010,,,"William Andrew Publishing",,"http://www.sciencedirect.com/science/book/9781437778076"
"9781856177269","Electricity Cost Modeling Calculations",2010,,,"Academic Press",,"http://www.sciencedirect.com/science/book/9781856177269"
"9781856179454","Natural Gas Hydrates in Flow Assurance",2010,,,"Gulf Professional Publishing",,"http://www.sciencedirect.com/science/book/9781856179454"
"9780123819864","Effective Interviewing and Interrogation Techniques (Third Edition)",2011,,,"Academic Press",,"http://www.sciencedirect.com/science/book/9780123819864"
"9780123749956","Global Perspectives on Childhood Obesity",2011,,,"Academic Press",,"http://www.sciencedirect.com/science/book/9780123749956"
"9780123756701","Osteoimmunology",2011,,,"Academic Press",,"http://www.sciencedirect.com/science/book/9780123756701"
"9780123756725","Biomarkers of Kidney Disease",2010,,,"Academic Press",,"http://www.sciencedirect.com/science/book/9780123756725"
"9780123849076","Human Chorionic Gonadotropin",2010,,,"Elsevier",,"http://www.sciencedirect.com/science/book/9780123849076"
"9780123849151","Signal Processing for Neuroscientists, A Companion Volume",2010,,,"Elsevier",,"http://www.sciencedirect.com/science/book/9780123849151"
"9780123736970","Cu(InGa)Se2 Based Thin Film Solar Cells",2010,"1543-5016","Thin Films and Nanostructures","Academic Press",,"http://www.sciencedirect.com/science/book/9780123736970"
"9780123751423","Analysis of Complex Disease Association Studies",2011,,,"Academic Press",,"http://www.sciencedirect.com/science/book/9780123751423"
"9781597495882","Ninja Hacking",2010,,,"Syngress",,"http://www.sciencedirect.com/science/book/9781597495882"
"9780815520474","Valuing Wind Generation on Integrated Power Systems",2010,,,"William Andrew Publishing",,"http://www.sciencedirect.com/science/book/9780815520474"
"9780750684552","Demystifying Embedded Systems Middleware",2010,,,"Newnes",,"http://www.sciencedirect.com/science/book/9780750684552"
"9780750686129","Centrifugal Pump Handbook (Third Edition)",2010,,,"Butterworth-Heinemann",,"http://www.sciencedirect.com/science/book/9780750686129"
"9781856177108","Clean Coal Engineering Technology",2010,,,"Butterworth-Heinemann",,"http://www.sciencedirect.com/science/book/9781856177108"
"9781856177450","Modern Chemical Enhanced Oil Recovery",2011,,,"Gulf Professional Publishing",,"http://www.sciencedirect.com/science/book/9781856177450"
"9780123808820","Handbook of the Psychology of Aging (Seventh Edition)",2011,,"Handbooks of Aging","Academic Press",,"http://www.sciencedirect.com/science/book/9780123808820"
